Series Name,Renewable_energy_consumption_%total_final_energy_consumption,Energy_imports_net_%energy_use,Electric_power_consumption_kWh_per_capita,Population_total,Total_final_energy_consumption_kWh,Renewable_energy_consumption_kWh,Renewable_energy_consumption_%total_final_energy_consumption,Energy_imports_net_%energy_use,Electric_power_consumption_kWh_per_capita,Population_total,Total_final_energy_consumption_kWh,Renewable_energy_consumption_kWh,Renewable_energy_consumption_%total_final_energy_consumption,Energy_imports_net_%energy_use,Electric_power_consumption_kWh_per_capita,Population_total,Total_final_energy_consumption_kWh,Renewable_energy_consumption_kWh,Renewable_energy_consumption_%total_final_energy_consumption,Energy_imports_net_%energy_use,Electric_power_consumption_kWh_per_capita,Population_total,Total_final_energy_consumption_kWh,Renewable_energy_consumption_kWh,Renewable_energy_consumption_%total_final_energy_consumption,Energy_imports_net_%energy_use,Electric_power_consumption_kWh_per_capita,Population_total,Total_final_energy_consumption_kWh,Renewable_energy_consumption_kWh,Renewable_energy_consumption_%total_final_energy_consumption,Energy_imports_net_%energy_use,Electric_power_consumption_kWh_per_capita,Population_total,Total_final_energy_consumption_kWh,Renewable_energy_consumption_kWh,Renewable_energy_consumption_%total_final_energy_consumption,Energy_imports_net_%energy_use,Electric_power_consumption_kWh_per_capita,Population_total,Total_final_energy_consumption_kWh,Renewable_energy_consumption_kWh,Renewable_energy_consumption_%total_final_energy_consumption,Energy_imports_net_%energy_use,Electric_power_consumption_kWh_per_capita,Population_total,Total_final_energy_consumption_kWh,Renewable_energy_consumption_kWh,Renewable_energy_consumption_%total_final_energy_consumption,Energy_imports_net_%energy_use,Electric_power_consumption_kWh_per_capita,Population_total,Total_final_energy_consumption_kWh,Renewable_energy_consumption_kWh,Renewable_energy_consumption_%total_final_energy_consumption,Energy_imports_net_%energy_use,Electric_power_consumption_kWh_per_capita,Population_total,Total_final_energy_consumption_kWh,Renewable_energy_consumption_kWh,Renewable_energy_consumption_%total_final_energy_consumption,Energy_imports_net_%energy_use,Electric_power_consumption_kWh_per_capita,Population_total,Total_final_energy_consumption_kWh,Renewable_energy_consumption_kWh,Renewable_energy_consumption_%total_final_energy_consumption,Energy_imports_net_%energy_use,Electric_power_consumption_kWh_per_capita,Population_total,Total_final_energy_consumption_kWh,Renewable_energy_consumption_kWh
Country Code,AFG,AFG,AFG,AFG,AFG,AFG,ARE,ARE,ARE,ARE,ARE,ARE,BGD,BGD,BGD,BGD,BGD,BGD,BHR,BHR,BHR,BHR,BHR,BHR,IRN,IRN,IRN,IRN,IRN,IRN,KWT,KWT,KWT,KWT,KWT,KWT,LKA,LKA,LKA,LKA,LKA,LKA,MDV,MDV,MDV,MDV,MDV,MDV,OMN,OMN,OMN,OMN,OMN,OMN,PAK,PAK,PAK,PAK,PAK,PAK,QAT,QAT,QAT,QAT,QAT,QAT,SAU,SAU,SAU,SAU,SAU,SAU
1990,23,18,70,12045660,843196200,193935126,0,-395.2344414,8188.197364,1898220,15543000000,0,71.7,16.92527826,46.00760539,111633717,5136000000,3682512000,0,-154.6700416,15048.65024,514797,7747000000,0,1.2,-169.6551109,908.4261121,58380092,53034000000,63640800000,0.2,-457.3981136,10226.61781,1684819,17230000000,3446000000,78.1,30.86097991,160.4651729,16352458,2624000000,2049344000,4.5,80,500,224762,112381000,5057145,0,-798.2724049,2246.657226,1763954,3963000000,0,57.5,21.46751308,257.1120649,116155576,29865000000,17172375000,0.2,-314.2674884,10377.69069,440175,4568000000,913600000,0,-529.265985,6129.583126,10640691,65223000000,0
1999,43.4,15,180,19887785,3579801300,1553633764,0.1,-307.241398,10662.55482,3266009,34824000000,3482400000,60.5,16.92527826,92.07613479,132108065,12164000000,7359220000,0,-106.1792547,21154.9641,620989,13137000000,0,0.6,-97.01352933,1452.783741,65445391,95078000000,57046800000,0,-497.2174306,14790.81909,1900030,28103000000,0,63.2,42.69960007,259.1221802,18944731,4909000000,3102488000,2.2,80,520,277412,144254240,3173593.28,0,-662.0295792,3085.344326,2252909,6951000000,0,50.2,27.17921204,320.3060422,150565377,48227000000,24209954000,0.1,-388.7333421,13041.63265,612500,7988000000,798800000,0,-368.9263013,7325.843495,15472075,1.13346E+11,0
2000,45,30,1000,20130327,20130327000,9058647150,0.1,-362.474926,10724.54434,3493575,37467000000,3746700000,60.2,17.65091487,99.25355145,134544304,13354000000,8039108000,0,-97.82558564,20863.19877,637582,13302000000,0,0.4,-105.8718701,1528.20008,66418659,1.01501E+11,40600400000,0,-513.1809465,14716.76858,1954709,28767000000,0,64.2,45.93758157,286.9426479,19293054,5536000000,3554112000,2.3,80,540,282019,152290260,3502675.98,0,-700.1519123,3182.11356,2282131,7262000000,0,51,27.07524396,333.0726419,154879127,51586000000,26308860000,0.1,-461.0447729,13180.06974,644989,8501000000,850100000,0,-348.2137452,7235.876596,16177722,1.1706E+11,0
2001,45.6,25,600,20284307,12170584200,5549786395,0.1,-237.1734779,10875.25748,3723590,40495000000,4049500000,55.9,21.10389496,109.4909639,136805810,14979000000,8373261000,0,-97.38320959,21233.41942,661316,14042000000,0,0.5,-87.104963,1619.833243,67452005,1.09261E+11,54630500000,0,-462.571288,15201.27522,2008121,30526000000,0,62.9,44.53414509,280.6070623,19600362,5500000000,3459500000,2.3,80,560,286767,160589520,3693558.96,0,-744.4886004,3413.099289,2310217,7885000000,0,51.5,25.15558545,336.2321532,159270907,53552000000,27579280000,0.1,-428.9909052,13654.90283,677925,9257000000,925700000,0,-325.7832283,7399.510733,17041397,1.26098E+11,0
2002,37.8,20,2500,21378117,53445292500,20202320565,0.1,-227.2377706,11107.38759,3956826,43950000000,4395000000,54.4,19.7062196,117.2717989,138933658,16293000000,8863392000,0,-94.1956079,20709.22225,710553,14715000000,0,0.7,-84.66120081,1727.139029,68011317,1.17465E+11,82225500000,0,-401.2564686,15709.90702,2059974,32362000000,0,62.1,48.16025451,291.7334318,19805752,5778000000,3588138000,1.8,80,580,291616,169137280,3044471.04,0,-665.2966665,3518.402834,2337140,8223000000,0,51.4,24.39105519,341.012932,163222549,55661000000,28609754000,0.1,-370.537051,14308.11088,711205,10176000000,1017600000,0,-251.374591,7364.673263,17910910,1.31908E+11,0
2003,36.7,10,450,22733049,10229872050,3754363042,0.1,-262.6359094,11063.44084,4192457,46383000000,4638300000,52.6,19.92857404,123.7210511,140970351,17441000000,9173966000,0,-88.2314317,20142.12895,764517,15399000000,0,0.8,-95.80660051,1870.935507,68769340,1.28663E+11,1.0293E+11,0,-460.6547148,16272.48172,2109881,34333000000,0,61.3,42.59011685,314.3619978,19951521,6272000000,3844736000,2.2,75,600,296491,177894600,3913681.2,0,-604.8588182,3583.219533,2363796,8470000000,0,50.1,20.79735719,362.2279347,167110248,60532000000,30326532000,0,-370.537051,15006.40542,744682,11175000000,0,0,-304.056898,7771.321165,18786767,1.45998E+11,0
2004,44.2,10,7500,23560654,1.76705E+11,78103568010,0.1,-282.9020836,11101.00843,4428967,49166000000,4916600000,52,17.79206453,158.4782882,142902856,22647000000,11776440000,0,-80.53436096,19123.72942,823741,15753000000,0,0.7,-87.44338336,1972.192792,70256316,1.38559E+11,96991300000,0,-452.2435917,17020.19172,2157320,36718000000,0,61.6,46.05973577,342.001946,20087605,6870000000,4231920000,1.7,75,620,301413,186876060,3176893.02,0,-557.4076236,3894.260737,2404821,9365000000,0,47.9,21.05516502,377.736651,171286000,64701000000,30991779000,0,-403.4784415,15927.18263,773332,12317000000,0,0,-327.8128904,7470.86349,19669480,1.46948E+11,0
2005,33.9,15,7000,24404567,1.70832E+11,57912037491,0.1,-271.8772603,12205.05103,4664790,56934000000,5693400000,50.6,17.90955382,169.1867949,144715786,24484000000,12388904000,0,-60.62731687,21333.85537,888822,18962000000,0,1.4,-80.21669054,2019.742733,71828455,1.45075E+11,2.03105E+11,0,0,17399.50322,2236788,38919000000,0,60.1,47.27044052,386.8122928,20216524,7820000000,4699820000,2,75,640,306429,196114560,3922291.2,0,-498.3955995,4006.013492,2459802,9854000000,0,48,20.48938467,406.1994602,175453212,71269000000,34209120000,0,-433.2017215,16206.53059,825408,13377000000,0,0,-327.7857933,7662.73555,20559890,1.57545E+11,0
2006,31.9,35,1500,25424094,38136141000,12165428979,0.1,-275.2978898,12502.64519,5009100,62627000000,6262700000,48.6,16.11034868,189.5960898,146405973,27758000000,13490388000,0,-60.1153041,21463.43698,960424,20614000000,0,1.4,-76.90509774,2135.306368,73392747,1.56716E+11,2.19402E+11,0,0,17971.16207,2364733,42497000000,0,62.2,46.49804629,390.0766351,20352411,7939000000,4938058000,1.6,75,660,313851,207141660,3314266.56,0,-290.3412713,4323.215212,2514795,10872000000,0,47,23.10573946,425.594697,179682690,76472000000,35941840000,0.1,-404.593052,16309.10199,972831,15866000000,1586600000,0,-294.2207888,7811.867985,21459144,1.67636E+11,0
2007,28.8,90,1500,25909852,38864778000,11193056064,0.1,-239.1435263,13134.36339,5624635,73876000000,7387600000,47.2,15.82994645,198.7441279,147989278,29412000000,13882464000,0,-53.52802756,20525.45235,1039295,21332000000,0,1.3,-74.32330604,2206.275573,74602648,1.64594E+11,2.13972E+11,0,0,17279.48668,2507887,43335000000,0,60.2,47.14119923,406.9772691,20492545,8340000000,5020680000,1.5,75,680,324479,220645720,3309685.8,0,-233.6664018,4535.879672,2570174,11658000000,0,44.9,24.28700195,417.9990755,184493231,77118000000,34625982000,0.1,-398.6268157,14954.55467,1208595,18074000000,1807400000,0,-260.3431199,7816.637759,22368313,1.74845E+11,0
2015,17.7,70,4000,33831764,1.35327E+11,23952888912,0.1,-144.9563352,14046.28701,8505237,1.19467E+11,11946700000,33.1,20.40020854,348.9326813,159383179,55614000000,18408234000,0,-57.36173762,20288.66208,1370322,27802000000,0,0.9,-32.5650713,2861.302657,82619362,2.36399E+11,2.12759E+11,0,-356.9592796,16233.09395,3834574,62247000000,0,51.3,56.8569021,584.5016691,20970000,12257000000,6287841000,1.5,70,700,428154,299707800,4495617,0,-200.5049769,7071.145154,4184895,29592000000,0,45.9,29.00459256,435.1402079,217290883,94552000000,43399368000,0,-479.505761,16644.50896,2344557,39024000000,0,0,-175.630387,11233.92503,29816382,3.34955E+11,0
2016,20.2,15,200,34700612,6940122400,1401904725,0.1,-138.1300604,13705.61813,8935095,1.22461E+11,12246100000,30.2,21.67191592,412.7803153,160811932,66380000000,20046760000,0,-57.29018957,19531.14574,1423726,27807000000,0,1,-55.21554687,3020.012784,83812228,2.53114E+11,2.53114E+11,0,-357.4311303,15956.91012,4004096,63893000000,0,45.1,62.15249597,626.4793248,21209000,13287000000,5992437000,1.2,70,720,443308,319181760,3830181.12,0,-217.0440497,7056.221343,4390877,30983000000,0,43.7,33.38209888,455.9712715,220138869,1.00377E+11,43864749000,0.1,-495.9652553,16056.99861,2477113,39775000000,3977500000,0,-188.3133785,11051.23124,30954198,3.42082E+11,0
2017,19.5,90,3000,35688935,1.07067E+11,20878026975,0.2,-163.5627358,13672.11577,9223225,1.26101E+11,25220200000,28.1,23.88997022,443.2129459,162186147,71883000000,20199123000,0,-56.80998029,18552.19717,1501116,27849000000,0,1,-53.59769643,3178.834747,85026754,2.70286E+11,2.70286E+11,0,-316.1917009,15957.88209,4154812,66302000000,0,45.8,62.15249597,667.2728968,21444000,14309000000,6553522000,1.3,70,740,458287,339132380,4408720.94,0,-191.6700982,7234.1052,4537396,32824000000,0,42.1,39.14784091,495.9064484,223273967,1.10723E+11,46614383000,0.1,-420.5816596,16835.44005,2545820,42860000000,4286000000,0,-170.0128445,11201.08544,30977355,3.4698E+11,0
2018,18.3,25,4000,36743039,1.46972E+11,26895904548,0.3,-159.7257001,13702.80273,9346701,1.28076E+11,38422800000,27,24.57411595,471.1260891,163523103,77040000000,20800800000,0,-53.60054269,19439.94076,1503091,29220000000,0,1,-49.78875899,3171.009619,86117998,2.73081E+11,2.73081E+11,0,-301.7731368,15618.07927,4323515,67525000000,0,47.9,68.59571129,652.099677,21670000,14131000000,6768749000,1.3,70,760,473099,359555240,4674218.12,0,-209.9202355,7407.766671,4597877,34060000000,0,43.4,35.52570597,494.6263079,226928892,1.12245E+11,48714330000,0,-427.3961024,17485.72305,2580734,45126000000,0,0,-186.8699658,11788.30598,30196281,3.55963E+11,0
2019,18.9,5,7000,37856121,2.64993E+11,50083648083,0.7,-157.2515881,13914.14266,9445785,1.3143E+11,92001000000,26.1,30.29749409,515.1017304,164913055,84947000000,22171167000,0,-53.43062662,21808.16792,1483756,32358000000,0,1,-27.24212743,3299.83414,87051648,2.87256E+11,2.87256E+11,0.1,-338.021655,15390.62057,4442316,68370000000,6837000000,46.1,68.59571129,679.2643214,21803000,14810000000,6827410000,1.3,70,780,487731,380430180,4945592.34,0,-240.7002402,7686.157185,4591241,35289000000,0,45.9,33.5162433,481.1766353,230800899,1.11056E+11,50974704000,0.1,-420.3529577,17849.9896,2638657,47100000000,4710000000,0,-177.7154055,11871.75313,30063799,3.5691E+11,0
2020,18.2,60,120,39068979,4688277480,853266501.4,0.9,-166.6763045,13855.06579,9401038,1.30252E+11,1.17227E+11,27.2,34.46204003,509.945927,166298024,84803000000,23066416000,0,-51.9013901,21437.24647,1472204,31560000000,0,0.9,-22.07737264,3445.737988,87723443,3.02272E+11,2.72045E+11,0.1,-295.7730925,15481.10603,4400267,68121000000,6812100000,49.3,61.232431,682.6041334,21919000,14962000000,7376266000,1.6,65,800,502118,401694400,6427110.4,0.1,-204.8804097,7634.49926,4522497,34527000000,3452700000,42.7,38.95372369,517.6599837,235001746,1.21651E+11,51944977000,0.1,-421.5197602,16636.19823,2794148,46484000000,4648400000,0.1,-167.3918023,11356.68763,31552510,3.58332E+11,35833200000
2021,20,30,500,40000412,20000206000,4000041200,1,-148.7793004,14828.6941,9575152,1.41987E+11,1.41987E+11,25,39.590069,574.1182031,167658854,96256000000,24064000000,0,-50.22633258,21913.56486,1504365,32966000000,0,0.9,-26.5193765,3589.048087,88455488,3.17471E+11,2.85724E+11,0.1,-309.069193,16867.98376,4360865,73559000000,7355900000,48.8,59.42945142,713.6667268,22156000,15812000000,7716256000,1.4,65,820,516154,423246280,5925447.92,0.1,-202.8982928,8255.888778,4500424,37155000000,3715500000,41.6,41.58482031,570.0987709,239477801,1.36526E+11,56794816000,0.1,-407.4788773,19448.60294,2504910,48717000000,4871700000,0.1,-159.988473,12069.98367,30784383,3.71567E+11,37156700000
2022,20,40,3500,40578842,1.42026E+11,28405189400,1,-171.4823713,14687.97398,10074977,1.47981E+11,1.47981E+11,25,44.30702584,602.6747473,169384897,1.02084E+11,25521000000,0,-45.47513167,22689.15775,1524693,34594000000,0,1.097794118,-32.49445928,3664.258731,89524246,3.2804E+11,3.6012E+11,0.040441176,-283.0966246,16570.56987,4589643,76053000000,3075672794,42.74117647,60.03958029,684.05392,22181000,15173000000,6485118706,1.2,65,840,524106,440249040,5282988.48,0.1,-213.6294163,8157.53835,4730226,38587000000,3858700000,41.7,39.79255094,605.7882476,243700667,1.47631E+11,61562127000,0.1,-396.0725749,19381.08622,2657333,51502000000,5150200000,0.1,-178.2004488,11835.31776,32175224,3.80804E+11,38080400000